Oseltamivir 2018-01-01~2018-02-01.txt_349192 case: 5
Power words: ['suicid', 'kill', 'never', 'sleep', 'hang']
original:  my bro using his skills took tamiflu and changed his behaviour plus could not sleep doctors prescribed this to children who never recovered from it's behavioural effects some even committing suicide some trust doctors too much
Oseltamivir 2018-01-01~2018-02-01.txt_349192 case: 5
Power words: ['suicid', 'kill', 'never', 'sleep', 'hang']
original:  my bro using his skills took tamiflu and changed his behaviour plus could not sleep doctors prescribed this to children who never recovered from it's behavioural effects some even committing suicide some trust doctors too much
Oseltamivir 2018-01-01~2018-02-01.txt_349192 case: 5
Power words: ['suicid', 'kill', 'never', 'sleep', 'hang']
original:  my bro using his skills took tamiflu and changed his behaviour plus could not sleep doctors prescribed this to children who never recovered from it's behavioural effects some even committing suicide some trust doctors too much
Oseltamivir 2018-01-01~2018-02-01.txt_349192 case: 5
Power words: ['suicid', 'kill', 'never', 'sleep', 'hang']
original:  my bro using his skills took tamiflu and changed his behaviour plus could not sleep doctors prescribed this to children who never recovered from it's behavioural effects some even committing suicide some trust doctors too much
Oseltamivir 2018-01-01~2018-02-01.txt_349192 case: 5
Power words: ['suicid', 'kill', 'never', 'sleep', 'hang']
original:  my bro using his skills took tamiflu and changed his behaviour plus could not sleep doctors prescribed this to children who never recovered from it's behavioural effects some even committing suicide some trust doctors too much
Oseltamivir 2020-03-01~2020-04-01.txt_501311 case: 5
Power words: ['end', 'never', 'die', 'without', 'alone']
original:  again the idiocy will never endnthis is the fastest pandemic evernonce the hospital bed are full we will die at home without icunlet alone the lack of antiviral drugs ntamiflu antiviral drugs here in australia have only be allocated to private clinicsnlock down now 
Oseltamivir 2020-03-01~2020-04-01.txt_501311 case: 5
Power words: ['end', 'never', 'die', 'without', 'alone']
original:  again the idiocy will never endnthis is the fastest pandemic evernonce the hospital bed are full we will die at home without icunlet alone the lack of antiviral drugs ntamiflu antiviral drugs here in australia have only be allocated to private clinicsnlock down now 
Oseltamivir 2020-03-01~2020-04-01.txt_501311 case: 5
Power words: ['end', 'never', 'die', 'without', 'alone']
original:  again the idiocy will never endnthis is the fastest pandemic evernonce the hospital bed are full we will die at home without icunlet alone the lack of antiviral drugs ntamiflu antiviral drugs here in australia have only be allocated to private clinicsnlock down now 
Oseltamivir 2020-03-01~2020-04-01.txt_501311 case: 5
Power words: ['end', 'never', 'die', 'without', 'alone']
original:  again the idiocy will never endnthis is the fastest pandemic evernonce the hospital bed are full we will die at home without icunlet alone the lack of antiviral drugs ntamiflu antiviral drugs here in australia have only be allocated to private clinicsnlock down now 
Oseltamivir 2020-03-01~2020-04-01.txt_501311 case: 5
Power words: ['end', 'never', 'die', 'without', 'alone']
original:  again the idiocy will never endnthis is the fastest pandemic evernonce the hospital bed are full we will die at home without icunlet alone the lack of antiviral drugs ntamiflu antiviral drugs here in australia have only be allocated to private clinicsnlock down now 
